mean_batch_variance,mean_condition_variance,mean_study_variance
0.0525276598789113,0.04606485374714185,3.163009801969327e-33
