mean_batch_variance,mean_condition_variance,mean_study_variance
0.05252765987891134,0.04606485374714213,1.1392442212741536e-32
